<?xml version="1.0" encoding="UTF-8"?>
<project-private xmlns="http://www.netbeans.org/ns/project-private/1">
    <editor-bookmarks xmlns="http://www.netbeans.org/ns/editor-bookmarks/2" lastBookmarkId="0"/>
    <open-files xmlns="http://www.netbeans.org/ns/projectui-open-files/2">
        <group>
            <file>file:/home/user1/NetBeansProjects/Lab11/src/mainapp/Test.java</file>
            <file>file:/home/user1/NetBeansProjects/Lab11/src/mainapp/ManageEmployee.java</file>
            <file>file:/home/user1/NetBeansProjects/Lab11/src/pojo/Employee.java</file>
            <file>file:/home/user1/NetBeansProjects/Lab11/src/hibernate.cfg.xml</file>
            <file>file:/home/user1/NetBeansProjects/Lab11/src/hibernate/util/HibernateUtil.java</file>
        </group>
    </open-files>
</project-private>
