<?xml version="1.0" encoding="UTF-8"?>
<project-private xmlns="http://www.netbeans.org/ns/project-private/1">
    <editor-bookmarks xmlns="http://www.netbeans.org/ns/editor-bookmarks/2" lastBookmarkId="0"/>
    <open-files xmlns="http://www.netbeans.org/ns/projectui-open-files/2">
        <group>
            <file>file:/home/user1/NetBeansProjects/Lab7/web/WEB-INF/index.jsp</file>
            <file>file:/home/user1/NetBeansProjects/Lab7/web/Login.html</file>
            <file>file:/home/user1/NetBeansProjects/Lab7/web/second.jsp</file>
            <file>file:/home/user1/NetBeansProjects/Lab7/web/first.jsp</file>
            <file>file:/home/user1/NetBeansProjects/Lab7/src/java/LoginVerifierServlet.java</file>
            <file>file:/home/user1/NetBeansProjects/Lab7/web/Logout.jsp</file>
        </group>
    </open-files>
</project-private>
